{
  "fees": {
    "fastestFee": 1,
    "halfHourFee": 1,
    "hourFee": 1,
    "economyFee": 1,
    "minimumFee": 1
  },
  "mempool": {
    "count": 37930,
    "vsize": 21117723,
    "total_fee": 4405748,
    "fee_histogram": [
      [
        5.0342464,
        50137
      ],
      [
        3.0214286,
        51614
      ],
      [
        2.1979167,
        50013
      ],
      [
        2.0142858,
        53830
      ],
      [
        1.7730496,
        50288
      ],
      [
        1.1710526,
        50189
      ],
      [
        1.0165553,
        71454
      ],
      [
        1.0044523,
        50104
      ],
      [
        1.0000217,
        80791
      ],
      [
        0.1438849,
        390985
      ],
      [
        0.14100948,
        1099975
      ],
      [
        0.14100808,
        299919
      ],
      [
        0.14099942,
        95355
      ],
      [
        0.14099918,
        95958
      ],
      [
        0.14099911,
        93263
      ],
      [
        0.14099887,
        95327
      ],
      [
        0.14099877,
        96859
      ],
      [
        0.14099848,
        89696
      ],
      [
        0.14099813,
        96441
      ],
      [
        0.14099781,
        93505
      ],
      [
        0.14099668,
        99591
      ],
      [
        0.14099646,
        96201
      ],
      [
        0.14099637,
        95889
      ],
      [
        0.14099623,
        98109
      ],
      [
        0.14099588,
        96478
      ],
      [
        0.1409952,
        99819
      ],
      [
        0.1403122,
        68034
      ],
      [
        0.14031014,
        68035
      ],
      [
        0.14030807,
        68036
      ],
      [
        0.14030395,
        136076
      ],
      [
        0.1403012,
        60028
      ],
      [
        0.14029983,
        68040
      ],
      [
        0.14027858,
        93812
      ],
      [
        0.1402689,
        68055
      ],
      [
        0.13669065,
        51922
      ],
      [
        0.13385826,
        59068
      ],
      [
        0.13028511,
        69777
      ],
      [
        0.13026786,
        67983
      ],
      [
        0.1302652,
        203838
      ],
      [
        0.1302633,
        203841
      ],
      [
        0.13026138,
        271792
      ],
      [
        0.13025945,
        203847
      ],
      [
        0.13025755,
        271800
      ],
      [
        0.13025562,
        135902
      ],
      [
        0.1302537,
        135904
      ],
      [
        0.1302518,
        67953
      ],
      [
        0.13024987,
        271816
      ],
      [
        0.13024797,
        67955
      ],
      [
        0.13024338,
        67919
      ],
      [
        0.1294964,
        1084249
      ],
      [
        0.12230216,
        261334
      ],
      [
        0.120268345,
        174051
      ],
      [
        0.12025949,
        67978
      ],
      [
        0.12025847,
        67937
      ],
      [
        0.12025773,
        135958
      ],
      [
        0.120256856,
        99512
      ],
      [
        0.12025419,
        67981
      ],
      [
        0.12025242,
        67982
      ],
      [
        0.120247856,
        67943
      ],
      [
        0.12024711,
        67985
      ],
      [
        0.12024608,
        203832
      ],
      [
        0.12024561,
        67911
      ],
      [
        0.12024078,
        135894
      ],
      [
        0.120239004,
        67948
      ],
      [
        0.12023724,
        67949
      ],
      [
        0.120235465,
        135900
      ],
      [
        0.12023193,
        67952
      ],
      [
        0.12022839,
        67954
      ],
      [
        0.12022662,
        67955
      ],
      [
        0.12022485,
        67956
      ],
      [
        0.12022132,
        67958
      ],
      [
        0.120002024,
        98840
      ],
      [
        0.11678832,
        92312
      ],
      [
        0.11510792,
        219070
      ],
      [
        0.11289648,
        89277
      ],
      [
        0.112,
        1704153
      ],
      [
        0.11022961,
        70084
      ],
      [
        0.110227995,
        67941
      ],
      [
        0.11021988,
        203838
      ],
      [
        0.11021826,
        135894
      ],
      [
        0.11021664,
        67948
      ],
      [
        0.110215016,
        135898
      ],
      [
        0.11021177,
        135902
      ],
      [
        0.11002674,
        255013
      ],
      [
        0.110006295,
        96849
      ],
      [
        0.110005766,
        97104
      ],
      [
        0.110005446,
        99186
      ],
      [
        0.1100047,
        97814
      ],
      [
        0.110004686,
        96105
      ],
      [
        0.11000448,
        93778
      ],
      [
        0.110004045,
        96351
      ],
      [
        0.11000398,
        97951
      ],
      [
        0.11000397,
        98151
      ],
      [
        0.110003725,
        96624
      ],
      [
        0.11000365,
        95815
      ],
      [
        0.11000285,
        94743
      ],
      [
        0.110002615,
        91916
      ],
      [
        0.11000227,
        96698
      ],
      [
        0.11000211,
        99689
      ],
      [
        0.110002056,
        97180
      ],
      [
        0.11000198,
        95871
      ],
      [
        0.11000129,
        93408
      ],
      [
        0.11000076,
        92363
      ],
      [
        0.1100004,
        98736
      ],
      [
        0.11000031,
        94927
      ],
      [
        0.1100002,
        98618
      ],
      [
        0.1100001,
        194918
      ],
      [
        0.109999895,
        95791
      ],
      [
        0.10999979,
        96782
      ],
      [
        0.10999978,
        92682
      ],
      [
        0.109999694,
        98873
      ],
      [
        0.109999396,
        99246
      ],
      [
        0.10999935,
        92846
      ],
      [
        0.109999165,
        95628
      ],
      [
        0.10999909,
        99219
      ],
      [
        0.10999878,
        98192
      ],
      [
        0.109998465,
        97565
      ],
      [
        0.10999814,
        96538
      ],
      [
        0.10999808,
        93738
      ],
      [
        0.10999774,
        93111
      ],
      [
        0.10999746,
        98475
      ],
      [
        0.10999718,
        95957
      ],
      [
        0.10999711,
        96948
      ],
      [
        0.109997004,
        96739
      ],
      [
        0.109996915,
        97230
      ],
      [
        0.10999644,
        92603
      ],
      [
        0.10999639,
        99776
      ],
      [
        0.10999635,
        98676
      ],
      [
        0.10999616,
        98958
      ],
      [
        0.10999505,
        90995
      ],
      [
        0.107913665,
        217244
      ],
      [
        0.10714286,
        88841
      ],
      [
        0.105882354,
        68787
      ],
      [
        0.105,
        92887
      ],
      [
        0.104,
        395299
      ],
      [
        0.1024735,
        51088
      ],
      [
        0.10218978,
        58155
      ],
      [
        0.101608306,
        57404
      ],
      [
        0.1010929,
        51686
      ],
      [
        0.10071942,
        60672
      ],
      [
        0.10022026,
        50822
      ],
      [
        0.10006571,
        134275
      ],
      [
        0.10004558,
        59771
      ],
      [
        0.10004352,
        118078
      ],
      [
        0.100024454,
        55253
      ],
      [
        0.10002121,
        90970
      ],
      [
        0.10001594,
        100902
      ],
      [
        0.10001156,
        112497
      ],
      [
        0.100011066,
        63273
      ],
      [
        0.100008,
        199824
      ],
      [
        0.10000723,
        110282
      ],
      [
        0.100007094,
        56386
